{
  "input_file": "/home/mrivela/TFG/data/sessions/real/session_20260303_190047_1200s.csv",
  "config": {
    "fs_target_hz": 10.0,
    "gravity_mps2": 9.81,
    "fft_length": 2048,
    "fft_overlap": 512,
    "number_welch_segments_target": 21,
    "start_margin_samples": 50,
    "welch_bin_min": 9,
    "welch_bin_max": 64,
    "hanning_energy_scaling": 1.63
  },
  "metrics": {
    "samples_uniform_total": 12001,
    "samples_used": 11826,
    "analysis_base_index": 175,
    "segments_used": 20,
    "df_hz": 0.0048828125,
    "frequency_min_hz": 0.0439453125,
    "frequency_max_hz": 0.3076171875,
    "m0": 0.0002625380033205208,
    "m2": 6.998337094574807e-07,
    "m4": 2.4079063160996196e-09,
    "hs_m": 0.06481209804603098,
    "tz_raw_hz": 0.05162990665294038,
    "tc_raw_hz": 0.05865733992836263,
    "tz_s": 19.368619174968988,
    "tc_s": 17.04816483702271,
    "tp_s": 22.755555555555556,
    "welch_accel_psd": [
      0.00014576032410146592,
      7.225601673644992e-05,
      9.732634325322021e-05,
      0.00014414104887148366,
      7.426148934543826e-05,
      2.9483954029086757e-05,
      2.267062518481288e-05,
      1.907042218086223e-05,
      1.2007491987128887e-05,
      7.0420665860823625e-06,
      6.9995031598676275e-06,
      4.9070441949488105e-06,
      5.351164515093593e-06,
      6.578986555251777e-06,
      4.62628624633201e-06,
      5.366029869763819e-06,
      8.475000188892819e-06,
      1.2005284634996384e-05,
      8.054613596170059e-06,
      4.690858497975772e-06,
      2.6626654030738917e-06,
      3.154941438768502e-06,
      2.2934760345925836e-06,
      2.631810282218021e-06,
      3.284791055169351e-06,
      2.264024921543996e-06,
      3.2164556308918916e-06,
      3.3066572425677795e-06,
      3.019117353038732e-06,
      1.9336766895548856e-06,
      2.3341259620285088e-06,
      2.8993422157882614e-06,
      2.4282402214670137e-06,
      2.0770450338617874e-06,
      1.861067444078719e-06,
      2.6924603950568224e-06,
      1.7574190913518514e-06,
      1.6271736645652853e-06,
      1.5577842753754657e-06,
      1.790236262868572e-06,
      1.492879894707157e-06,
      1.4122767756224122e-06,
      1.5223172391764748e-06,
      2.5742801871768875e-06,
      3.192722589409943e-06,
      2.180251273744685e-06,
      2.492516068660488e-06,
      2.3013679889865342e-06,
      1.6441849694690685e-06,
      1.7146994591220385e-06,
      2.2048154356426145e-06,
      2.007888338874804e-06,
      1.3235077810306953e-06,
      1.3579869521978759e-06,
      1.2911213950993203e-06
    ],
    "welch_accel_psd_q16": [
      65000,
      32222,
      43401,
      64278,
      33116,
      13148,
      10110,
      8504,
      5355,
      3140,
      3121,
      2188,
      2386,
      2934,
      2063,
      2393,
      3779,
      5354,
      3592,
      2092,
      1187,
      1407,
      1023,
      1174,
      1465,
      1010,
      1434,
      1475,
      1346,
      862,
      1041,
      1293,
      1083,
      926,
      830,
      1201,
      784,
      726,
      695,
      798,
      666,
      630,
      679,
      1148,
      1424,
      972,
      1112,
      1026,
      733,
      765,
      983,
      895,
      590,
      606,
      576
    ],
    "welch_accel_psd_max": 0.00014576032410146592,
    "frequencies_hz": [
      0.0439453125,
      0.048828125,
      0.0537109375,
      0.05859375,
      0.0634765625,
      0.068359375,
      0.0732421875,
      0.078125,
      0.0830078125,
      0.087890625,
      0.0927734375,
      0.09765625,
      0.1025390625,
      0.107421875,
      0.1123046875,
      0.1171875,
      0.1220703125,
      0.126953125,
      0.1318359375,
      0.13671875,
      0.1416015625,
      0.146484375,
      0.1513671875,
      0.15625,
      0.1611328125,
      0.166015625,
      0.1708984375,
      0.17578125,
      0.1806640625,
      0.185546875,
      0.1904296875,
      0.1953125,
      0.2001953125,
      0.205078125,
      0.2099609375,
      0.21484375,
      0.2197265625,
      0.224609375,
      0.2294921875,
      0.234375,
      0.2392578125,
      0.244140625,
      0.2490234375,
      0.25390625,
      0.2587890625,
      0.263671875,
      0.2685546875,
      0.2734375,
      0.2783203125,
      0.283203125,
      0.2880859375,
      0.29296875,
      0.2978515625,
      0.302734375,
      0.3076171875
    ]
  }
}